{
    "whiteToMove": true,
    "white_time": 888.3138341903687,
    "black_time": 895.1750380992889,
    "eliminated": []
}