{
    "whiteToMove": true,
    "white_time": 894.4123795032501,
    "black_time": 889.6147203445435,
    "eliminated": [
        "bp",
        "bp",
        "bQ"
    ]
}