{
    "whiteToMove": false,
    "white_time": 899.1443011760712,
    "black_time": 898.2553997039795,
    "eliminated": [
        "bp"
    ]
}